<?xml version="1.0" encoding="UTF-8"?>
<project-private xmlns="http://www.netbeans.org/ns/project-private/1">
    <editor-bookmarks xmlns="http://www.netbeans.org/ns/editor-bookmarks/2" lastBookmarkId="0"/>
    <open-files xmlns="http://www.netbeans.org/ns/projectui-open-files/2">
        <group>
            <file>file:/E:/SWP391-Hung/SWP391-Hung/Project/Project/src/java/Controller/ResetPassword.java</file>
            <file>file:/E:/SWP391-Hung/SWP391-Hung/Project/Project/src/java/Models/Schedule.java</file>
            <file>file:/E:/SWP391-Hung/SWP391-Hung/Project/Project/web/Footer.jsp</file>
            <file>file:/E:/SWP391-Hung/SWP391-Hung/Project/Project/src/java/Controller/ChangeInforAccount.java</file>
            <file>file:/E:/SWP391-Hung/SWP391-Hung/Project/Project/src/java/Controller/AddClassController.java</file>
            <file>file:/E:/SWP391-Hung/SWP391-Hung/Project/Project/web/RequestOfParent.jsp</file>
            <file>file:/E:/SWP391-Hung/SWP391-Hung/Project/Project/src/java/Models/Subject.java</file>
            <file>file:/E:/SWP391-Hung/SWP391-Hung/Project/Project/src/java/Models/Account.java</file>
            <file>file:/E:/SWP391-Hung/SWP391-Hung/Project/Project/web/META-INF/context.xml</file>
            <file>file:/E:/SWP391-Hung/SWP391-Hung/Project/Project/src/java/Controller/OtpValidation.java</file>
            <file>file:/E:/SWP391-Hung/SWP391-Hung/Project/Project/src/java/Models/Class.java</file>
            <file>file:/E:/SWP391-Hung/SWP391-Hung/Project/Project/web/ManageClass.jsp</file>
            <file>file:/E:/SWP391-Hung/SWP391-Hung/Project/Project/web/js/chosen.jquery.js</file>
            <file>file:/E:/SWP391-Hung/SWP391-Hung/Project/Project/web/js/Hung.js</file>
            <file>file:/E:/SWP391-Hung/SWP391-Hung/Project/Project/web/css/homepage.css</file>
            <file>file:/E:/SWP391-Hung/SWP391-Hung/Project/Project/web/css/bootstrap.min.css</file>
            <file>file:/E:/SWP391-Hung/SWP391-Hung/Project/Project/web/ClassHistory.jsp</file>
            <file>file:/E:/SWP391-Hung/SWP391-Hung/Project/Project/src/java/Controller/RequestOfParent.java</file>
            <file>file:/E:/SWP391-Hung/SWP391-Hung/Project/Project/web/css/signup.css</file>
            <file>file:/E:/SWP391-Hung/SWP391-Hung/Project/Project/web/css/listaccount.css</file>
            <file>file:/E:/SWP391-Hung/SWP391-Hung/Project/Project/web/Tutordetail.jsp</file>
            <file>file:/E:/SWP391-Hung/SWP391-Hung/Project/Project/web/CRUDAccount.jsp</file>
            <file>file:/E:/SWP391-Hung/SWP391-Hung/Project/Project/src/java/DAL/ClassDAO.java</file>
            <file>file:/E:/SWP391-Hung/SWP391-Hung/Project/Project/web/ViewHistoryClass.jsp</file>
            <file>file:/E:/SWP391-Hung/SWP391-Hung/Project/Project/web/SupportBlock.jsp</file>
            <file>file:/E:/SWP391-Hung/SWP391-Hung/Project/Project/src/java/Controller/SearchClassAdminControll.java</file>
            <file>file:/E:/SWP391-Hung/SWP391-Hung/Project/Project/web/js/jquery-3.2.1.min.js</file>
            <file>file:/E:/SWP391-Hung/SWP391-Hung/Project/Project/web/ChangeInfoAccount.jsp</file>
            <file>file:/E:/SWP391-Hung/SWP391-Hung/Project/Project/src/java/DAL/UserDAO.java</file>
            <file>file:/E:/SWP391-Hung/SWP391-Hung/Project/Project/nbproject/build-impl.xml</file>
            <file>file:/E:/SWP391-Hung/SWP391-Hung/Project/Project/src/java/Controller/ChangePassWordController.java</file>
            <file>file:/E:/SWP391-Hung/SWP391-Hung/Project/Project/src/java/Controller/EditClass.java</file>
            <file>file:/E:/SWP391-Hung/SWP391-Hung/Project/Project/src/java/Models/InputValidation.java</file>
            <file>file:/E:/SWP391-Hung/SWP391-Hung/Project/Project/src/java/Controller/GetStatusRequest.java</file>
            <file>file:/E:/SWP391-Hung/SWP391-Hung/Project/Project/web/css/menu.css</file>
            <file>file:/E:/SWP391-Hung/SWP391-Hung/Project/Project/web/css/Description.css</file>
            <file>file:/E:/SWP391-Hung/SWP391-Hung/Project/Project/web/css/chosen.css</file>
            <file>file:/E:/SWP391-Hung/SWP391-Hung/Project/Project/web/CRUDTutorByAdmin.jsp</file>
            <file>file:/E:/SWP391-Hung/SWP391-Hung/Project/Project/src/java/Models/TutorProfile.java</file>
            <file>file:/E:/SWP391-Hung/SWP391-Hung/Project/Project/web/css/introduce.css</file>
            <file>file:/E:/SWP391-Hung/SWP391-Hung/Project/Project/src/java/Controller/ManageClass.java</file>
            <file>file:/E:/SWP391-Hung/SWP391-Hung/Project/Project/src/java/Controller/Login.java</file>
            <file>file:/E:/SWP391-Hung/SWP391-Hung/Project/Project/web/HandleRequest.jsp</file>
            <file>file:/E:/SWP391-Hung/SWP391-Hung/Project/Project/web/css/info.css</file>
            <file>file:/E:/SWP391-Hung/SWP391-Hung/Project/Project/src/java/Models/Location.java</file>
            <file>file:/E:/SWP391-Hung/SWP391-Hung/Project/Project/src/java/DAL/LocationDAO.java</file>
            <file>file:/E:/SWP391-Hung/SWP391-Hung/Project/Project/src/java/Controller/CRUDTutorByAdmin.java</file>
            <file>file:/E:/SWP391-Hung/SWP391-Hung/Project/Project/src/java/Controller/CRUDAccountByAdmin.java</file>
            <file>file:/E:/SWP391-Hung/SWP391-Hung/Project/Project/web/css/ClassDetail.css</file>
            <file>file:/E:/SWP391-Hung/SWP391-Hung/Project/Project/web/Class.jsp</file>
            <file>file:/E:/SWP391-Hung/SWP391-Hung/Project/Project/src/java/Models/Tutor.java</file>
            <file>file:/E:/SWP391-Hung/SWP391-Hung/Project/Project/src/java/Models/Request.java</file>
            <file>file:/E:/SWP391-Hung/SWP391-Hung/Project/Project/src/java/Controller/ForgotPassword.java</file>
            <file>file:/E:/SWP391-Hung/SWP391-Hung/Project/Project/src/java/Controller/HandleRequest.java</file>
            <file>file:/E:/SWP391-Hung/SWP391-Hung/Project/Project/src/java/Controller/SearchClassList.java</file>
            <file>file:/E:/SWP391-Hung/SWP391-Hung/Project/Project/web/Invoice.jsp</file>
            <file>file:/E:/SWP391-Hung/SWP391-Hung/Project/Project/web/js/Menu.js</file>
            <file>file:/E:/SWP391-Hung/SWP391-Hung/Project/Project/src/java/Controller/GetAmountRequestClass.java</file>
            <file>file:/E:/SWP391-Hung/SWP391-Hung/Project/Project/src/java/Controller/RequestOfTutor.java</file>
            <file>file:/E:/SWP391-Hung/SWP391-Hung/Project/Project/src/java/Models/Invoice.java</file>
            <file>file:/E:/SWP391-Hung/SWP391-Hung/Project/Project/src/java/DAL/DAO.java</file>
            <file>file:/E:/SWP391-Hung/SWP391-Hung/Project/Project/web/AddClass.jsp</file>
            <file>file:/E:/SWP391-Hung/SWP391-Hung/Project/Project/src/java/Controller/GetAmountPedingnRequest.java</file>
            <file>file:/E:/SWP391-Hung/SWP391-Hung/Project/Project/src/java/Models/SHAHash.java</file>
            <file>file:/E:/SWP391-Hung/SWP391-Hung/Project/Project/web/css/AddClass.css</file>
            <file>file:/E:/SWP391-Hung/SWP391-Hung/Project/Project/web/InfoAccount.jsp</file>
            <file>file:/E:/SWP391-Hung/SWP391-Hung/Project/Project/web/css/class.css</file>
            <file>file:/E:/SWP391-Hung/SWP391-Hung/Project/Project/src/java/DAL/TutorDAO.java</file>
            <file>file:/E:/SWP391-Hung/SWP391-Hung/Project/Project/web/EditClass.jsp</file>
            <file>file:/E:/SWP391-Hung/SWP391-Hung/Project/Project/web/Home.jsp</file>
            <file>file:/E:/SWP391-Hung/SWP391-Hung/Project/Project/web/InfoTutor.jsp</file>
            <file>file:/E:/SWP391-Hung/SWP391-Hung/Project/Project/src/java/DAL/DBContext.java</file>
            <file>file:/E:/SWP391-Hung/SWP391-Hung/Project/Project/src/java/Controller/ManageClass_Parent.java</file>
            <file>file:/E:/SWP391-Hung/SWP391-Hung/Project/Project/web/Menu.jsp</file>
            <file>file:/E:/SWP391-Hung/SWP391-Hung/Project/Project/web/WEB-INF/web.xml</file>
            <file>file:/E:/SWP391-Hung/SWP391-Hung/Project/Project/src/java/Models/FreeSchedule.java</file>
            <file>file:/E:/SWP391-Hung/SWP391-Hung/Project/Project/web/ChangePassword.jsp</file>
            <file>file:/E:/SWP391-Hung/SWP391-Hung/Project/Project/src/java/DAL/SubjectDAO.java</file>
            <file>file:/E:/SWP391-Hung/SWP391-Hung/Project/Project/src/java/Controller/ClassList.java</file>
            <file>file:/E:/SWP391-Hung/SWP391-Hung/Project/Project/src/java/Controller/EditClassByAdmin.java</file>
            <file>file:/E:/SWP391-Hung/SWP391-Hung/Project/Project/web/RequestOfTutor.jsp</file>
            <file>file:/E:/SWP391-Hung/SWP391-Hung/Project/Project/web/login.jsp</file>
            <file>file:/E:/SWP391-Hung/SWP391-Hung/Project/Project/web/DetailClass.jsp</file>
            <file>file:/E:/SWP391-Hung/SWP391-Hung/Project/Project/web/ViewAccount.jsp</file>
            <file>file:/E:/SWP391-Hung/SWP391-Hung/Project/Project/src/java/Controller/AccountProfile.java</file>
            <file>file:/E:/SWP391-Hung/SWP391-Hung/Project/Project/src/java/Controller/Location.java</file>
            <file>file:/E:/SWP391-Hung/SWP391-Hung/Project/Project/web/css/style.css</file>
            <file>file:/E:/SWP391-Hung/SWP391-Hung/Project/Project/src/java/Controller/ImageUpload.java</file>
            <file>file:/E:/SWP391-Hung/SWP391-Hung/Project/Project/src/java/DAL/DAOHUNG.java</file>
        </group>
    </open-files>
</project-private>
